user logged in,Tue May 23 17:32:09 EEST 2023
print expired cards,Tue May 23 17:32:22 EEST 2023
print available cards,Tue May 23 17:32:24 EEST 2023
user logged in,Tue May 23 17:32:46 EEST 2023
customer show details,Tue May 23 17:32:48 EEST 2023
created card,Tue May 23 17:33:10 EEST 2023
customer show details,Tue May 23 17:33:11 EEST 2023
withdraw cash,Tue May 23 17:35:28 EEST 2023
user logged in,Tue May 23 17:36:47 EEST 2023
withdraw cash,Tue May 23 17:36:51 EEST 2023
created card,Tue May 23 17:37:05 EEST 2023
withdraw cash,Tue May 23 17:37:13 EEST 2023
user logged in,Tue May 23 17:39:00 EEST 2023
created account,Wed May 24 10:02:50 EEST 2023
user logged in,Wed May 24 10:04:48 EEST 2023
