action_name,timestamp
created account,Fri Mar 31 12:44:45 EEST 2023
user logged in,Fri Mar 31 12:45:13 EEST 2023
user logged in,Fri Mar 31 15:43:40 EEST 2023
customer show details,Fri Mar 31 15:43:52 EEST 2023
deposit cash,Fri Mar 31 15:44:02 EEST 2023
withdraw cash,Fri Mar 31 15:44:14 EEST 2023
deposit cash,Fri Mar 31 15:44:16 EEST 2023
created account,Sat Apr 01 23:46:47 EEST 2023
user logged in,Sat Apr 01 23:46:54 EEST 2023
user logged in,Sat Apr 01 23:52:36 EEST 2023
created account,Sat Apr 01 23:58:19 EEST 2023
user logged in,Sat Apr 01 23:58:32 EEST 2023
customer show details,Sat Apr 01 23:58:35 EEST 2023
customer show details,Sat Apr 01 23:59:08 EEST 2023
created account,Sun Apr 02 00:04:17 EEST 2023
user logged in,Sun Apr 02 00:04:26 EEST 2023
customer show details,Sun Apr 02 00:04:29 EEST 2023
created account,Wed Apr 05 18:53:02 EEST 2023
user logged in,Wed Apr 05 18:53:15 EEST 2023
print expired cards,Wed Apr 05 18:53:19 EEST 2023
customer show details,Wed Apr 05 18:53:26 EEST 2023
created account,Wed Apr 05 18:55:19 EEST 2023
user logged in,Wed Apr 05 18:55:29 EEST 2023
customer show details,Wed Apr 05 18:55:33 EEST 2023
created card,Wed Apr 05 18:55:46 EEST 2023
customer show details,Wed Apr 05 18:55:49 EEST 2023
created card,Wed Apr 05 18:56:07 EEST 2023
customer show details,Wed Apr 05 18:56:10 EEST 2023
deposit cash,Wed Apr 05 18:56:30 EEST 2023
customer show details,Wed Apr 05 18:56:31 EEST 2023
user logged in,Wed Apr 05 18:58:22 EEST 2023
user logged in,Thu Apr 06 08:49:25 EEST 2023
user logged in,Thu Apr 06 08:50:14 EEST 2023
user logged in,Thu Apr 06 08:50:42 EEST 2023
user logged in,Thu Apr 06 08:50:55 EEST 2023
user logged in,Thu Apr 06 10:17:00 EEST 2023
user logged in,Thu Apr 06 10:18:07 EEST 2023
customer show details,Thu Apr 06 10:18:09 EEST 2023
user logged in,Thu Apr 06 10:19:00 EEST 2023
user logged in,Thu Apr 06 10:21:54 EEST 2023
user logged in,Thu Apr 06 10:22:55 EEST 2023
user logged in,Thu Apr 06 10:26:05 EEST 2023
user logged in,Thu Apr 06 10:32:28 EEST 2023
user logged in,Thu Apr 06 10:42:38 EEST 2023
user logged in,Thu Apr 06 10:50:13 EEST 2023
user logged in,Thu Apr 06 11:15:17 EEST 2023
customer show details,Thu Apr 06 11:15:20 EEST 2023
created card,Thu Apr 06 11:15:46 EEST 2023
customer show details,Thu Apr 06 11:15:48 EEST 2023
user logged in,Thu Apr 06 12:23:48 EEST 2023
user logged in,Thu Apr 06 12:27:14 EEST 2023
user logged in,Thu Apr 06 12:28:21 EEST 2023
user logged in,Thu Apr 06 12:29:21 EEST 2023
user logged in,Thu Apr 06 12:30:51 EEST 2023
user logged in,Thu Apr 06 12:32:06 EEST 2023
user logged in,Thu Apr 06 12:32:54 EEST 2023
user logged in,Thu Apr 06 13:01:53 EEST 2023
user logged in,Thu Apr 06 13:13:59 EEST 2023
user logged in,Thu Apr 06 13:15:08 EEST 2023
user logged in,Thu Apr 06 13:16:27 EEST 2023
user logged in,Thu Apr 06 13:18:29 EEST 2023
user logged in,Thu Apr 06 13:19:19 EEST 2023
user logged in,Thu Apr 06 13:21:09 EEST 2023
user logged in,Thu Apr 06 13:21:49 EEST 2023
user logged in,Thu Apr 06 13:22:27 EEST 2023
user logged in,Thu Apr 06 22:15:06 EEST 2023
created account,Thu Apr 06 22:17:15 EEST 2023
user logged in,Thu Apr 06 22:17:24 EEST 2023
customer show details,Thu Apr 06 22:17:35 EEST 2023
deposit cash,Thu Apr 06 22:18:05 EEST 2023
customer show details,Thu Apr 06 22:18:07 EEST 2023
withdraw cash,Thu Apr 06 22:19:28 EEST 2023
user logged in,Thu Apr 06 23:06:05 EEST 2023
print expired cards,Thu Apr 06 23:06:13 EEST 2023
user logged in,Thu Apr 06 23:07:14 EEST 2023
print expired cards,Thu Apr 06 23:07:16 EEST 2023
user logged in,Thu Apr 06 23:13:55 EEST 2023
print expired cards,Thu Apr 06 23:13:58 EEST 2023
print adailable cards,Thu Apr 06 23:13:59 EEST 2023
user logged in,Thu Apr 06 23:27:17 EEST 2023
print available cards,Thu Apr 06 23:27:21 EEST 2023
user logged in,Thu Apr 06 23:28:03 EEST 2023
customer show details,Thu Apr 06 23:28:06 EEST 2023
view customer cards,Thu Apr 06 23:28:11 EEST 2023
created card,Thu Apr 06 23:28:20 EEST 2023
view customer cards,Thu Apr 06 23:28:22 EEST 2023
user logged in,Thu Apr 06 23:29:19 EEST 2023
view customer cards,Thu Apr 06 23:29:22 EEST 2023
user logged in,Thu Apr 06 23:39:06 EEST 2023
view expired cards customer,Thu Apr 06 23:39:10 EEST 2023
view available cards customer,Thu Apr 06 23:39:16 EEST 2023
user logged in,Thu Apr 06 23:43:18 EEST 2023
view customer cards,Thu Apr 06 23:43:21 EEST 2023
user logged in,Thu Apr 06 23:44:23 EEST 2023
user logged in,Thu Apr 06 23:52:50 EEST 2023
user logged in,Thu Apr 06 23:55:47 EEST 2023
created account,Thu Apr 06 23:57:37 EEST 2023
user logged in,Thu Apr 06 23:57:50 EEST 2023
user logged in,Thu Apr 06 23:59:17 EEST 2023
customer show details,Thu Apr 06 23:59:18 EEST 2023
user logged in,Thu Apr 06 23:59:31 EEST 2023
user logged in,Fri Apr 07 00:00:08 EEST 2023
created account,Fri Apr 07 00:00:38 EEST 2023
created account,Fri Apr 07 00:01:03 EEST 2023
user logged in,Fri Apr 07 00:01:10 EEST 2023
user logged in,Fri Apr 07 00:01:36 EEST 2023
created account,Fri Apr 07 00:04:58 EEST 2023
user logged in,Fri Apr 07 00:05:08 EEST 2023
user logged in,Fri Apr 07 00:05:31 EEST 2023
user logged in,Fri Apr 07 00:07:15 EEST 2023
user logged in,Fri Apr 07 07:21:16 EEST 2023
user logged in,Fri Apr 07 07:24:01 EEST 2023
user logged in,Fri Apr 07 07:26:58 EEST 2023
print expired cards,Fri Apr 07 07:27:06 EEST 2023
print available cards,Fri Apr 07 07:27:09 EEST 2023
user logged in,Fri Apr 07 07:29:58 EEST 2023
customer show details,Fri Apr 07 07:29:59 EEST 2023
created card,Fri Apr 07 07:30:11 EEST 2023
customer show details,Fri Apr 07 07:30:14 EEST 2023
withdraw cash,Fri Apr 07 07:30:22 EEST 2023
customer show details,Fri Apr 07 07:30:31 EEST 2023
view expired cards customer,Fri Apr 07 07:30:42 EEST 2023
view available cards customer,Fri Apr 07 07:30:45 EEST 2023
view customer cards,Fri Apr 07 07:30:51 EEST 2023
user logged in,Fri Apr 07 07:32:50 EEST 2023
withdraw cash,Fri Apr 07 07:33:01 EEST 2023
customer show details,Fri Apr 07 07:33:03 EEST 2023
user logged in,Fri Apr 07 07:42:42 EEST 2023
customer show details,Fri Apr 07 07:42:44 EEST 2023
user logged in,Fri Apr 07 07:43:23 EEST 2023
customer show details,Fri Apr 07 07:43:25 EEST 2023
deposit cash,Fri Apr 07 07:43:41 EEST 2023
customer show details,Fri Apr 07 07:43:42 EEST 2023
withdraw cash,Fri Apr 07 07:43:49 EEST 2023
customer show details,Fri Apr 07 07:43:50 EEST 2023
created card,Fri Apr 07 07:44:07 EEST 2023
customer show details,Fri Apr 07 07:44:10 EEST 2023
withdraw cash,Fri Apr 07 07:44:23 EEST 2023
customer show details,Fri Apr 07 07:44:24 EEST 2023
user logged in,Fri Apr 07 07:49:05 EEST 2023
customer show details,Fri Apr 07 07:49:07 EEST 2023
withdraw cash,Fri Apr 07 07:49:18 EEST 2023
customer show details,Fri Apr 07 07:49:19 EEST 2023
withdraw cash,Fri Apr 07 07:49:29 EEST 2023
deposit cash,Fri Apr 07 08:06:15 EEST 2023
customer show details,Fri Apr 07 08:06:16 EEST 2023
user logged in,Fri Apr 07 08:25:03 EEST 2023
customer show details,Fri Apr 07 08:25:14 EEST 2023
withdraw cash,Fri Apr 07 08:25:33 EEST 2023
user logged in,Fri Apr 07 08:27:47 EEST 2023
withdraw cash,Fri Apr 07 08:28:04 EEST 2023
customer show details,Fri Apr 07 08:28:07 EEST 2023
user logged in,Fri Apr 07 08:28:39 EEST 2023
created card,Fri Apr 07 08:28:44 EEST 2023
customer show details,Fri Apr 07 08:29:17 EEST 2023
withdraw cash,Fri Apr 07 08:29:24 EEST 2023
customer show details,Fri Apr 07 08:29:25 EEST 2023
user logged in,Fri Apr 07 08:30:19 EEST 2023
customer show details,Fri Apr 07 08:30:21 EEST 2023
withdraw cash,Fri Apr 07 08:30:26 EEST 2023
customer show details,Fri Apr 07 08:30:31 EEST 2023
user logged in,Fri Apr 07 08:32:06 EEST 2023
customer show details,Fri Apr 07 08:32:08 EEST 2023
user logged in,Fri Apr 07 08:32:34 EEST 2023
print expired cards,Fri Apr 07 08:32:45 EEST 2023
print available cards,Fri Apr 07 08:32:46 EEST 2023
created account,Fri Apr 07 08:36:32 EEST 2023
created account,Fri Apr 07 08:42:48 EEST 2023
created account,Fri Apr 07 08:51:16 EEST 2023
created account,Fri Apr 07 08:53:38 EEST 2023
user logged in,Fri Apr 07 08:54:06 EEST 2023
customer show details,Fri Apr 07 08:54:07 EEST 2023
created account,Fri Apr 07 08:59:41 EEST 2023
created account,Fri Apr 07 09:03:36 EEST 2023
user logged in,Fri Apr 07 09:04:51 EEST 2023
user logged in,Fri Apr 07 14:29:35 EEST 2023
user logged in,Fri Apr 07 14:32:27 EEST 2023
customer show details,Fri Apr 07 14:33:04 EEST 2023
user logged in,Fri Apr 07 14:34:05 EEST 2023
customer show details,Fri Apr 07 14:34:06 EEST 2023
deposit cash,Fri Apr 07 14:43:48 EEST 2023
customer show details,Fri Apr 07 14:43:49 EEST 2023
view expired cards customer,Fri Apr 07 14:43:57 EEST 2023
view available cards customer,Fri Apr 07 14:44:01 EEST 2023
view customer cards,Fri Apr 07 14:44:05 EEST 2023
user logged in,Fri Apr 07 15:58:52 EEST 2023
print expired cards,Fri Apr 07 15:59:41 EEST 2023
print available cards,Fri Apr 07 15:59:46 EEST 2023
created account,Sun May 14 09:38:04 EEST 2023
created account,Sun May 14 09:38:14 EEST 2023
created account,Sun May 14 09:38:48 EEST 2023
created account,Sun May 14 09:39:16 EEST 2023
created account,Sun May 14 09:41:22 EEST 2023
created account,Sun May 14 09:43:55 EEST 2023
created account,Sun May 14 09:55:00 EEST 2023
user logged in,Sun May 14 10:49:23 EEST 2023
user logged in,Sun May 14 10:51:20 EEST 2023
user logged in,Sun May 14 10:52:00 EEST 2023
user logged in,Sun May 14 10:53:40 EEST 2023
user logged in,Sun May 14 10:54:28 EEST 2023
user logged in,Sun May 14 10:55:03 EEST 2023
user logged in,Sun May 14 10:56:14 EEST 2023
user logged in,Sun May 14 10:56:41 EEST 2023
user logged in,Sun May 14 10:58:54 EEST 2023
customer show details,Sun May 14 10:58:58 EEST 2023
user logged in,Sun May 14 11:01:50 EEST 2023
user logged in,Sun May 14 11:14:01 EEST 2023
user logged in,Sun May 14 11:20:27 EEST 2023
user logged in,Sun May 14 11:21:18 EEST 2023
created account,Sun May 14 11:26:57 EEST 2023
created account,Sun May 14 11:28:18 EEST 2023
user logged in,Sun May 14 11:28:44 EEST 2023
user logged in,Sun May 14 11:29:48 EEST 2023
user logged in,Sun May 14 11:34:53 EEST 2023
user logged in,Sun May 14 11:43:24 EEST 2023
user logged in,Sun May 14 11:45:49 EEST 2023
user logged in,Sun May 14 11:50:39 EEST 2023
user logged in,Sun May 14 11:52:04 EEST 2023
created account,Sun May 14 11:52:56 EEST 2023
created account,Sun May 14 11:53:10 EEST 2023
created account,Sun May 14 11:53:31 EEST 2023
created account,Sun May 14 11:59:36 EEST 2023
user logged in,Sun May 14 11:59:55 EEST 2023
user logged in,Sun May 14 12:16:49 EEST 2023
deposit cash,Sun May 14 12:17:02 EEST 2023
user logged in,Sun May 14 12:45:01 EEST 2023
created account,Sun May 14 12:49:37 EEST 2023
user logged in,Sun May 14 12:49:47 EEST 2023
customer show details,Sun May 14 12:49:50 EEST 2023
user logged in,Sun May 14 12:50:48 EEST 2023
user logged in,Sun May 14 12:59:17 EEST 2023
created account,Sun May 14 12:59:54 EEST 2023
user logged in,Sun May 14 13:00:12 EEST 2023
user logged in,Sun May 14 13:24:37 EEST 2023
created account,Sun May 14 13:25:04 EEST 2023
user logged in,Sun May 14 13:25:16 EEST 2023
user logged in,Sun May 14 13:31:21 EEST 2023
user logged in,Sun May 14 13:33:12 EEST 2023
user logged in,Sun May 14 13:33:52 EEST 2023
user logged in,Sun May 14 13:34:46 EEST 2023
user logged in,Sun May 14 13:35:30 EEST 2023
user logged in,Sun May 14 13:36:02 EEST 2023
user logged in,Sun May 14 13:42:57 EEST 2023
user logged in,Sun May 14 13:45:18 EEST 2023
user logged in,Sun May 14 13:47:45 EEST 2023
user logged in,Sun May 14 13:48:52 EEST 2023
user logged in,Sun May 14 13:49:48 EEST 2023
user logged in,Sun May 14 13:52:45 EEST 2023
user logged in,Sun May 14 13:54:04 EEST 2023
user logged in,Sun May 14 13:54:58 EEST 2023
user logged in,Sun May 14 13:56:14 EEST 2023
created card,Sun May 14 13:56:17 EEST 2023
created account,Sun May 14 14:00:55 EEST 2023
user logged in,Sun May 14 14:01:45 EEST 2023
customer show details,Sun May 14 14:01:48 EEST 2023
created card,Sun May 14 14:02:06 EEST 2023
created card,Sun May 14 14:04:16 EEST 2023
user logged in,Sun May 14 14:06:04 EEST 2023
print expired cards,Sun May 14 14:06:34 EEST 2023
print available cards,Sun May 14 14:06:39 EEST 2023
user logged in,Sun May 14 14:14:27 EEST 2023
created card,Sun May 14 14:14:33 EEST 2023
user logged in,Sun May 14 19:01:24 EEST 2023
withdraw cash,Sun May 14 19:02:37 EEST 2023
customer show details,Sun May 14 19:02:41 EEST 2023
user logged in,Sun May 14 19:07:00 EEST 2023
withdraw cash,Sun May 14 19:07:09 EEST 2023
user logged in,Sun May 14 19:11:03 EEST 2023
view customer cards,Sun May 14 19:12:41 EEST 2023
user logged in,Sun May 14 19:25:23 EEST 2023
customer show details,Sun May 14 19:25:25 EEST 2023
withdraw cash,Sun May 14 19:25:44 EEST 2023
user logged in,Sun May 14 19:29:03 EEST 2023
created card,Sun May 14 19:29:09 EEST 2023
withdraw cash,Sun May 14 19:29:21 EEST 2023
user logged in,Sun May 14 19:30:09 EEST 2023
withdraw cash,Sun May 14 19:30:19 EEST 2023
user logged in,Sun May 14 19:33:01 EEST 2023
deposit cash,Sun May 14 19:33:10 EEST 2023
user logged in,Sun May 14 19:34:27 EEST 2023
created account,Sun May 14 19:37:04 EEST 2023
user logged in,Sun May 14 19:38:08 EEST 2023
customer show details,Sun May 14 19:38:11 EEST 2023
deposit cash,Sun May 14 19:38:17 EEST 2023
withdraw cash,Sun May 14 19:38:21 EEST 2023
created card,Sun May 14 19:38:30 EEST 2023
customer show details,Sun May 14 19:38:32 EEST 2023
deposit cash,Sun May 14 19:38:41 EEST 2023
withdraw cash,Sun May 14 19:38:50 EEST 2023
customer show details,Sun May 14 19:38:53 EEST 2023
user logged in,Wed May 24 10:08:36 EEST 2023
print expired cards,Wed May 24 10:09:04 EEST 2023
print available cards,Wed May 24 10:09:05 EEST 2023
